experiment_id,run_id,event_id,participant_id,scenario,ground_truth_event,ground_truth_component,annotation_source,event_start_ts,event_end_ts,pi_online,pc_online,network_disconnect_injected,disconnect_duration_s,trigger_generated,trigger_id,trigger_reason,trigger_created_ts,queue_write_success,queue_recovered_after_restart,transmission_attempts,pc_received_ts,duplicate_trigger_count,guided_check_requested,guided_component,prompt_displayed_ts,repeat_prompt_ts,user_response_ts,no_response_level,guided_check_completed,guided_result_status,guided_result_reason,onset_status,urgency_state,completeness_state,final_state_ts,acknowledged,acknowledged_ts,external_alert_attempted,external_alert_delivery_state,alert_receipt_ts,target_speaker_verified,passive_s_changed_domains,actual_passive_b_fps,actual_passive_s_window_s,trigger_latency_ms,pi_to_pc_latency_ms,prompt_latency_ms,user_response_latency_ms,end_to_end_latency_ms,record_status,notes,source_row
exp_v1_baseline,run_001,run_001-E001,P001,empty_room,false,none,sensor_reference,2026-08-22T09:00:30.000,2026-08-22T09:02:30.327,True,True,False,,False,,,,,,,,0,False,none,,,,none,False,not_applicable,,not_applicable,routine,unknown,2026-08-22T09:02:30.327,False,,False,not_applicable,,,,,,,,,,,,Empty room baseline; no false trigger.,2
exp_v1_baseline,run_001,run_001-E002,P001,normal_sitting,false,B,observer_log,2026-08-22T09:03:20.000,2026-08-22T09:07:20.057,True,True,False,,False,,,,,,,,0,False,none,,,,none,False,not_applicable,,not_applicable,routine,unknown,2026-08-22T09:07:20.057,False,,False,not_applicable,,,,,,,,,,,,Seated interval; no false trigger.,3
exp_v1_baseline,run_001,run_001-E003,P001,normal_walking,false,B,observer_log,2026-08-22T09:08:00.000,2026-08-22T09:09:30.012,True,True,False,,True,run_001-T003,passive_b_posture_change_low,2026-08-22T09:08:01.585,True,,1,2026-08-22T09:08:02.455,0,True,B,2026-08-22T09:08:03.311,,2026-08-22T09:08:06.808,none,True,negative,user_reported_no_symptom_false_trigger,not_applicable,routine,complete,2026-08-22T09:08:07.967,True,2026-08-22T09:08:09.312,False,not_applicable,,,,12.6,,,,,,,,Walking past camera; v0.3 misclassified motion as fall-like posture.,4
exp_v1_baseline,run_001,run_001-E004,P001,normal_sitting,false,B,observer_log,2026-08-22T09:10:20.000,2026-08-22T09:15:20.359,True,True,False,,False,,,,,,,,0,False,none,,,,none,False,not_applicable,,not_applicable,routine,unknown,2026-08-22T09:15:20.359,False,,False,not_applicable,,,,,,,,,,,,Seated interval; no false trigger.,5
exp_v1_baseline,run_001,run_001-E005,P001,quiet_standing,false,B,observer_log,2026-08-22T09:16:20.000,2026-08-22T09:19:20.279,True,True,False,,False,,,,,,,,0,False,none,,,,none,False,not_applicable,,not_applicable,routine,unknown,2026-08-22T09:19:20.279,False,,False,not_applicable,,,,,,,,,,,,Stable standing; no false trigger.,6
exp_v1_baseline,run_001,run_001-E006,P001,simulated_fall,true,B,video_review,2026-08-22T09:20:00.000,2026-08-22T09:21:00.214,True,True,False,,False,,,,,,,,0,False,none,,,,none,False,not_applicable,,not_applicable,routine,unknown,2026-08-22T09:21:00.214,False,,False,not_applicable,,,,,,,,,,,,Observer logged scripted fall; v0.3 confidence below threshold.,7
exp_v1_baseline,run_001,run_001-E007,P001,normal_walking,false,B,observer_log,2026-08-22T09:22:00.000,2026-08-22T09:24:00.112,True,True,False,,False,,,,,,,,0,False,none,,,,none,False,not_applicable,,not_applicable,routine,unknown,2026-08-22T09:24:00.112,False,,False,not_applicable,,,,,,,,,,,,Walking interval; no false trigger.,8
exp_v1_baseline,run_001,run_001-E008,P001,normal_bending,false,B,observer_log,2026-08-22T09:24:40.000,2026-08-22T09:26:10.229,True,True,False,,False,,,,,,,,0,False,none,,,,none,False,not_applicable,,not_applicable,routine,unknown,2026-08-22T09:26:10.229,False,,False,not_applicable,,,,,,,,,,,,Bending recovery; no false trigger.,9
exp_v1_baseline,run_001,run_001-E009,P001,simulated_fall,true,B,video_review,2026-08-22T09:27:00.000,2026-08-22T09:28:00.301,True,True,False,,True,run_001-T009,passive_b_posture_change_low,2026-08-22T09:27:01.850,True,,1,2026-08-22T09:27:02.752,0,True,B,2026-08-22T09:27:03.271,,2026-08-22T09:27:07.762,none,True,positive,user_confirmed_symptom_onset,new,soon,complete,2026-08-22T09:27:10.393,True,2026-08-22T09:27:11.131,False,not_applicable,,,,12.8,,,,,,,,Scripted fall detected; latency budget exceeded.,10
exp_v1_baseline,run_001,run_001-E010,P001,camera_occlusion,false,B,sensor_reference,2026-08-22T09:29:00.000,2026-08-22T09:31:00.176,True,True,False,,False,,,,,,,,0,False,none,,,,none,False,not_applicable,,not_applicable,routine,unknown,2026-08-22T09:31:00.176,False,,False,not_applicable,,,,,,,,,,,,Camera covered; correctly no trigger.,11
exp_v1_baseline,run_001,run_001-E011,P001,empty_room,false,none,sensor_reference,2026-08-22T09:31:40.000,2026-08-22T09:34:40.309,True,True,False,,False,,,,,,,,0,False,none,,,,none,False,not_applicable,,not_applicable,routine,unknown,2026-08-22T09:34:40.309,False,,False,not_applicable,,,,,,,,,,,,Empty room interval; no false trigger.,12
exp_v1_baseline,run_001,run_001-E012,P001,normal_sitting,false,B,observer_log,2026-08-22T09:35:20.000,2026-08-22T09:41:20.135,True,True,False,,False,,,,,,,,0,False,none,,,,none,False,not_applicable,,not_applicable,routine,unknown,2026-08-22T09:41:20.135,False,,False,not_applicable,,,,,,,,,,,,Seated interval; no false trigger.,13
exp_v1_baseline,run_002,run_002-E001,P002,quiet_standing,false,B,observer_log,2026-08-23T10:30:30.000,2026-08-23T10:31:30.022,True,True,False,,False,,,,,,,,0,False,none,,,,none,False,not_applicable,,not_applicable,routine,unknown,2026-08-23T10:31:30.022,False,,False,not_applicable,,,,,,,,,,,,Standing baseline.,14
exp_v1_baseline,run_002,run_002-E002,P002,safe_induced_sway,protocol_defined,B,script,2026-08-23T10:33:00.000,2026-08-23T10:33:30.373,True,True,False,,True,run_002-T002,passive_b_posture_change_low,2026-08-23T10:33:02.618,True,,1,2026-08-23T10:33:03.615,0,True,B,2026-08-23T10:33:04.797,,2026-08-23T10:33:13.489,none,True,negative,user_reported_no_symptom,not_applicable,routine,complete,2026-08-23T10:33:14.945,True,2026-08-23T10:33:15.746,False,not_applicable,,,,13.9,,,,,,,,Sway motion misclassified as fall-like by v0.3.,15
exp_v1_baseline,run_002,run_002-E003,P002,safe_induced_sway,protocol_defined,B,script,2026-08-23T10:34:30.000,2026-08-23T10:35:00.051,True,True,False,,False,,,,,,,,0,False,none,,,,none,False,not_applicable,,not_applicable,routine,unknown,2026-08-23T10:35:00.051,False,,False,not_applicable,,,,,,,,,,,,Sway motion; this instance correctly classified.,16
exp_v1_baseline,run_002,run_002-E004,P002,simulated_fall,true,B,video_review,2026-08-23T10:36:00.000,2026-08-23T10:36:30.194,True,True,False,,False,,,,,,,,0,False,none,,,,none,False,not_applicable,,not_applicable,routine,unknown,2026-08-23T10:36:30.194,False,,False,not_applicable,,,,,,,,,,,,Scripted fall; v0.3 missed (low confidence).,17
exp_v1_baseline,run_002,run_002-E005,P002,normal_bending,false,B,observer_log,2026-08-23T10:37:30.000,2026-08-23T10:38:00.142,True,True,False,,True,run_002-T005,passive_b_posture_change_low,2026-08-23T10:37:31.379,True,,1,2026-08-23T10:37:31.712,0,True,B,2026-08-23T10:37:32.714,,2026-08-23T10:37:41.965,none,True,negative,user_reported_no_symptom_false_trigger,not_applicable,routine,complete,2026-08-23T10:37:43.758,True,2026-08-23T10:37:45.261,False,not_applicable,,,,10.9,,,,,,,,Bending classified as fall-like posture.,18
exp_v1_baseline,run_002,run_002-E006,P002,safe_induced_sway,protocol_defined,B,script,2026-08-23T10:39:00.000,2026-08-23T10:39:30.236,True,True,False,,True,run_002-T006,passive_b_posture_change_low,2026-08-23T10:39:01.809,True,,1,2026-08-23T10:39:02.203,0,True,B,2026-08-23T10:39:03.353,,2026-08-23T10:39:10.904,none,True,negative,user_reported_no_symptom,not_applicable,routine,complete,2026-08-23T10:39:12.394,True,2026-08-23T10:39:14.511,False,not_applicable,,,,13.4,,,,,,,,Sway misclassified.,19
exp_v1_baseline,run_002,run_002-E007,P002,simulated_fall,true,B,video_review,2026-08-23T10:40:30.000,2026-08-23T10:41:00.367,True,True,False,,True,run_002-T007,passive_b_posture_change_low,2026-08-23T10:40:31.507,True,,1,2026-08-23T10:40:32.366,0,True,B,2026-08-23T10:40:32.879,,2026-08-23T10:40:37.049,none,True,positive,user_confirmed_symptom_onset,new,soon,complete,2026-08-23T10:40:39.440,True,2026-08-23T10:40:41.499,False,not_applicable,,,,14.1,,,,,,,,Fall detected with high latency.,20
exp_v1_baseline,run_002,run_002-E008,P002,simulated_fall,true,B,video_review,2026-08-23T10:42:00.000,2026-08-23T10:42:30.204,True,True,False,,False,,,,,,,,0,False,none,,,,none,False,not_applicable,,not_applicable,routine,unknown,2026-08-23T10:42:30.204,False,,False,not_applicable,,,,,,,,,,,,Fall missed; observer verified via video review.,21
exp_v1_baseline,run_002,run_002-E009,P002,safe_induced_sway,protocol_defined,B,script,2026-08-23T10:43:30.000,2026-08-23T10:44:00.185,True,True,False,,False,,,,,,,,0,False,none,,,,none,False,not_applicable,,not_applicable,routine,unknown,2026-08-23T10:44:00.185,False,,False,not_applicable,,,,,,,,,,,,Sway correctly classified.,22
exp_v1_baseline,run_002,run_002-E010,P002,simulated_fall,true,B,video_review,2026-08-23T10:45:00.000,2026-08-23T10:45:30.112,True,True,False,,True,run_002-T010,passive_b_posture_change_low,2026-08-23T10:45:02.968,True,,1,2026-08-23T10:45:03.147,0,True,B,2026-08-23T10:45:03.491,,2026-08-23T10:45:11.571,none,True,positive,user_confirmed_symptom_onset,new,soon,complete,2026-08-23T10:45:14.158,True,2026-08-23T10:45:15.710,False,not_applicable,,,,11.1,,,,,,,,Fall detected.,23
exp_v1_baseline,run_002,run_002-E011,P002,normal_bending,false,B,observer_log,2026-08-23T10:46:30.000,2026-08-23T10:47:00.005,True,True,False,,False,,,,,,,,0,False,none,,,,none,False,not_applicable,,not_applicable,routine,unknown,2026-08-23T10:47:00.005,False,,False,not_applicable,,,,,,,,,,,,Bending correctly classified.,24
exp_v1_baseline,run_002,run_002-E012,P002,simulated_fall,true,B,video_review,2026-08-23T10:48:00.000,2026-08-23T10:48:30.348,True,True,False,,True,run_002-T012,passive_b_posture_change_low,2026-08-23T10:48:01.976,True,,1,2026-08-23T10:48:02.943,0,True,B,2026-08-23T10:48:03.335,,2026-08-23T10:48:07.904,none,True,positive,user_confirmed_symptom_onset,new,soon,complete,2026-08-23T10:48:10.787,True,2026-08-23T10:48:13.106,False,not_applicable,,,,13.1,,,,,,,,Fall detected.,25
exp_v1_baseline,run_003,run_003-E001,P001,empty_room,false,none,sensor_reference,2026-08-25T14:00:30.000,2026-08-25T14:01:30.256,True,True,False,,False,,,,,,,,0,False,none,,,,none,False,not_applicable,,not_applicable,routine,unknown,2026-08-25T14:01:30.256,False,,False,not_applicable,,,,,,,,,,,,Quiet room baseline.,26
exp_v1_baseline,run_003,run_003-E002,P001,target_normal_speech,false,S,observer_log,2026-08-25T14:02:00.000,2026-08-25T14:03:00.390,True,True,False,,False,,,,,,,,0,False,none,,,,none,False,not_applicable,,not_applicable,routine,unknown,2026-08-25T14:03:00.390,False,,False,not_applicable,,,,,,,,,,,,Enrolled user speaking normally.,27
exp_v1_baseline,run_003,run_003-E003,P001,background_tv_speech,false,S,script,2026-08-25T14:04:00.000,2026-08-25T14:06:00.091,True,True,False,,True,run_003-T003,passive_s_acoustic_domain_change,2026-08-25T14:04:03.161,True,,1,2026-08-25T14:04:03.946,0,True,S,2026-08-25T14:04:04.518,,2026-08-25T14:04:12.527,none,True,negative,user_reported_no_symptom_false_trigger,not_applicable,routine,complete,2026-08-25T14:04:16.378,True,2026-08-25T14:04:17.673,False,not_applicable,,False,,,10,,,,,,,TV audio misclassified as target voice change by v0.2.,28
exp_v1_baseline,run_003,run_003-E004,P001,target_normal_speech,false,S,observer_log,2026-08-25T14:07:00.000,2026-08-25T14:08:00.057,True,True,False,,False,,,,,,,,0,False,none,,,,none,False,not_applicable,,not_applicable,routine,unknown,2026-08-25T14:08:00.057,False,,False,not_applicable,,,,,,,,,,,,Enrolled user speaking normally.,29
exp_v1_baseline,run_003,run_003-E005,P001,bystander_speech,false,S,observer_log,2026-08-25T14:09:00.000,2026-08-25T14:10:00.185,True,True,False,,True,run_003-T005,passive_s_acoustic_domain_change,2026-08-25T14:09:01.867,True,,1,2026-08-25T14:09:02.211,0,True,S,2026-08-25T14:09:03.506,,2026-08-25T14:09:07.267,none,True,negative,user_reported_no_symptom_false_trigger,not_applicable,routine,complete,2026-08-25T14:09:09.309,True,2026-08-25T14:09:11.821,False,not_applicable,,False,,,10,,,,,,,Non-enrolled speaker passed provisional target-speaker gate.,30
exp_v1_baseline,run_003,run_003-E006,P001,target_normal_speech,false,S,observer_log,2026-08-25T14:11:00.000,2026-08-25T14:12:30.243,True,True,False,,False,,,,,,,,0,False,none,,,,none,False,not_applicable,,not_applicable,routine,unknown,2026-08-25T14:12:30.243,False,,False,not_applicable,,,,,,,,,,,,Enrolled user speaking normally.,31
exp_v1_baseline,run_003,run_003-E007,P001,target_changed_speech,true,S,video_review,2026-08-25T14:13:30.000,2026-08-25T14:14:00.281,True,True,False,,False,,,,,,,,0,False,none,,,,none,False,not_applicable,,not_applicable,routine,unknown,2026-08-25T14:14:00.281,False,,False,not_applicable,,,,,,,,,,,,Scripted voice change; v0.2 missed (low embedding distance).,32
exp_v1_baseline,run_003,run_003-E008,P001,background_tv_speech,false,S,script,2026-08-25T14:15:00.000,2026-08-25T14:17:00.084,True,True,False,,False,,,,,,,,0,False,none,,,,none,False,not_applicable,,not_applicable,routine,unknown,2026-08-25T14:17:00.084,False,,False,not_applicable,,,,,,,,,,,,TV audio correctly rejected.,33
exp_v1_baseline,run_003,run_003-E009,P001,target_normal_speech,false,S,observer_log,2026-08-25T14:18:00.000,2026-08-25T14:19:00.135,True,True,False,,False,,,,,,,,0,False,none,,,,none,False,not_applicable,,not_applicable,routine,unknown,2026-08-25T14:19:00.135,False,,False,not_applicable,,,,,,,,,,,,Enrolled user speaking normally.,34
exp_v1_baseline,run_003,run_003-E010,P001,target_changed_speech,true,S,video_review,2026-08-25T14:20:00.000,2026-08-25T14:20:30.270,True,True,False,,True,run_003-T010,passive_s_acoustic_domain_change,2026-08-25T14:20:01.764,True,,1,2026-08-25T14:20:02.746,0,True,S,2026-08-25T14:20:03.247,,2026-08-25T14:20:10.789,none,True,positive,user_confirmed_symptom_onset,new,soon,complete,2026-08-25T14:20:14.444,True,2026-08-25T14:20:16.425,False,not_applicable,,True,pitch|jitter|shimmer|formant_f2,,10,,,,,,,Voice change detected; latency > 1.5s.,35
exp_v2_improved,run_004,run_004-E001,P001,empty_room,false,none,sensor_reference,2026-08-29T09:00:30.000,2026-08-29T09:02:30.061,True,True,False,,False,,,,,,,,0,False,none,,,,none,False,not_applicable,,not_applicable,routine,unknown,2026-08-29T09:02:30.061,False,,False,not_applicable,,,,,,,,,,,,Empty room baseline.,36
exp_v2_improved,run_004,run_004-E002,P001,normal_sitting,false,B,observer_log,2026-08-29T09:03:20.000,2026-08-29T09:07:20.126,True,True,False,,False,,,,,,,,0,False,none,,,,none,False,not_applicable,,not_applicable,routine,unknown,2026-08-29T09:07:20.126,False,,False,not_applicable,,,,,,,,,,,,Seated interval; v1.0 stable.,37
exp_v2_improved,run_004,run_004-E003,P001,normal_walking,false,B,observer_log,2026-08-29T09:08:00.000,2026-08-29T09:09:30.115,True,True,False,,False,,,,,,,,0,False,none,,,,none,False,not_applicable,,not_applicable,routine,unknown,2026-08-29T09:09:30.115,False,,False,not_applicable,,,,,,,,,,,,Walking; v1.0 motion-temporal features correctly reject.,38
exp_v2_improved,run_004,run_004-E004,P001,normal_sitting,false,B,observer_log,2026-08-29T09:10:20.000,2026-08-29T09:15:20.032,True,True,False,,False,,,,,,,,0,False,none,,,,none,False,not_applicable,,not_applicable,routine,unknown,2026-08-29T09:15:20.032,False,,False,not_applicable,,,,,,,,,,,,Seated interval.,39
exp_v2_improved,run_004,run_004-E005,P001,quiet_standing,false,B,observer_log,2026-08-29T09:16:20.000,2026-08-29T09:19:20.173,True,True,False,,False,,,,,,,,0,False,none,,,,none,False,not_applicable,,not_applicable,routine,unknown,2026-08-29T09:19:20.173,False,,False,not_applicable,,,,,,,,,,,,Stable standing.,40
exp_v2_improved,run_004,run_004-E006,P001,simulated_fall,true,B,video_review,2026-08-29T09:20:00.000,2026-08-29T09:21:00.010,True,True,False,,True,run_004-T006,passive_b_posture_change_low,2026-08-29T09:20:00.564,True,,1,2026-08-29T09:20:01.313,0,True,B,2026-08-29T09:20:01.683,,2026-08-29T09:20:03.866,none,True,positive,user_confirmed_symptom_onset,new,soon,complete,2026-08-29T09:20:06.657,True,2026-08-29T09:20:08.213,False,not_applicable,,,,15.6,,,,,,,,Scripted fall detected within budget (v1.0).,41
exp_v2_improved,run_004,run_004-E007,P001,normal_walking,false,B,observer_log,2026-08-29T09:22:00.000,2026-08-29T09:24:00.067,True,True,False,,False,,,,,,,,0,False,none,,,,none,False,not_applicable,,not_applicable,routine,unknown,2026-08-29T09:24:00.067,False,,False,not_applicable,,,,,,,,,,,,Walking interval.,42
exp_v2_improved,run_004,run_004-E008,P001,normal_bending,false,B,observer_log,2026-08-29T09:24:40.000,2026-08-29T09:26:10.370,True,True,False,,False,,,,,,,,0,False,none,,,,none,False,not_applicable,,not_applicable,routine,unknown,2026-08-29T09:26:10.370,False,,False,not_applicable,,,,,,,,,,,,Bending recovery; v1.0 correctly rejects.,43
exp_v2_improved,run_004,run_004-E009,P001,simulated_fall,true,B,video_review,2026-08-29T09:27:00.000,2026-08-29T09:28:00.292,True,True,False,,True,run_004-T009,passive_b_posture_change_low,2026-08-29T09:27:00.820,True,,1,2026-08-29T09:27:01.095,0,True,B,2026-08-29T09:27:01.840,,2026-08-29T09:27:06.315,none,True,positive,user_confirmed_symptom_onset,new,soon,complete,2026-08-29T09:27:09.021,True,2026-08-29T09:27:11.304,False,not_applicable,,,,15.5,,,,,,,,Scripted fall detected within budget.,44
exp_v2_improved,run_004,run_004-E010,P001,camera_occlusion,false,B,sensor_reference,2026-08-29T09:29:00.000,2026-08-29T09:31:00.334,True,True,False,,True,run_004-T010,passive_b_posture_change_low,2026-08-29T09:29:00.858,True,,1,2026-08-29T09:29:01.753,0,True,B,2026-08-29T09:29:02.170,,2026-08-29T09:29:05.515,none,True,negative,user_reported_no_symptom_false_trigger,not_applicable,routine,complete,2026-08-29T09:29:07.845,True,2026-08-29T09:29:09.093,False,not_applicable,,,,15.7,,,,,,,,Camera covered; v1.0 momentarily fired on keypoint-loss edge case (1/12 — boundary).,45
exp_v2_improved,run_004,run_004-E011,P001,empty_room,false,none,sensor_reference,2026-08-29T09:31:40.000,2026-08-29T09:34:40.226,True,True,False,,False,,,,,,,,0,False,none,,,,none,False,not_applicable,,not_applicable,routine,unknown,2026-08-29T09:34:40.226,False,,False,not_applicable,,,,,,,,,,,,Empty room interval.,46
exp_v2_improved,run_004,run_004-E012,P001,normal_sitting,false,B,observer_log,2026-08-29T09:35:20.000,2026-08-29T09:41:20.281,True,True,False,,False,,,,,,,,0,False,none,,,,none,False,not_applicable,,not_applicable,routine,unknown,2026-08-29T09:41:20.281,False,,False,not_applicable,,,,,,,,,,,,Seated interval.,47
exp_v2_improved,run_005,run_005-E001,P002,quiet_standing,false,B,observer_log,2026-08-30T10:30:30.000,2026-08-30T10:31:30.050,True,True,False,,False,,,,,,,,0,False,none,,,,none,False,not_applicable,,not_applicable,routine,unknown,2026-08-30T10:31:30.050,False,,False,not_applicable,,,,,,,,,,,,Standing baseline.,48
exp_v2_improved,run_005,run_005-E002,P002,safe_induced_sway,protocol_defined,B,script,2026-08-30T10:33:00.000,2026-08-30T10:33:30.025,True,True,False,,False,,,,,,,,0,False,none,,,,none,False,not_applicable,,not_applicable,routine,unknown,2026-08-30T10:33:30.025,False,,False,not_applicable,,,,,,,,,,,,Sway correctly classified as non-fall (v1.0 motion-temporal).,49
exp_v2_improved,run_005,run_005-E003,P002,safe_induced_sway,protocol_defined,B,script,2026-08-30T10:34:30.000,2026-08-30T10:35:00.333,True,True,False,,False,,,,,,,,0,False,none,,,,none,False,not_applicable,,not_applicable,routine,unknown,2026-08-30T10:35:00.333,False,,False,not_applicable,,,,,,,,,,,,Sway correctly classified.,50
exp_v2_improved,run_005,run_005-E004,P002,simulated_fall,true,B,video_review,2026-08-30T10:36:00.000,2026-08-30T10:36:30.276,True,True,False,,True,run_005-T004,passive_b_posture_change_low,2026-08-30T10:36:01.354,True,,1,2026-08-30T10:36:01.673,0,True,B,2026-08-30T10:36:02.250,,2026-08-30T10:36:07.438,none,True,positive,user_confirmed_symptom_onset,new,soon,complete,2026-08-30T10:36:09.301,True,2026-08-30T10:36:10.050,False,not_applicable,,,,16.3,,,,,,,,Fall detected within budget.,51
exp_v2_improved,run_005,run_005-E005,P002,normal_bending,false,B,observer_log,2026-08-30T10:37:30.000,2026-08-30T10:38:00.199,True,True,False,,False,,,,,,,,0,False,none,,,,none,False,not_applicable,,not_applicable,routine,unknown,2026-08-30T10:38:00.199,False,,False,not_applicable,,,,,,,,,,,,Bending correctly classified.,52
exp_v2_improved,run_005,run_005-E006,P002,safe_induced_sway,protocol_defined,B,script,2026-08-30T10:39:00.000,2026-08-30T10:39:30.135,True,True,False,,False,,,,,,,,0,False,none,,,,none,False,not_applicable,,not_applicable,routine,unknown,2026-08-30T10:39:30.135,False,,False,not_applicable,,,,,,,,,,,,Sway correctly classified.,53
exp_v2_improved,run_005,run_005-E007,P002,simulated_fall,true,B,video_review,2026-08-30T10:40:30.000,2026-08-30T10:41:00.232,True,True,False,,True,run_005-T007,passive_b_posture_change_low,2026-08-30T10:40:31.005,True,,1,2026-08-30T10:40:31.669,0,True,B,2026-08-30T10:40:32.306,,2026-08-30T10:40:35.214,none,True,positive,user_confirmed_symptom_onset,new,soon,complete,2026-08-30T10:40:36.708,True,2026-08-30T10:40:38.632,False,not_applicable,,,,15.9,,,,,,,,Fall detected.,54
exp_v2_improved,run_005,run_005-E008,P002,simulated_fall,true,B,video_review,2026-08-30T10:42:00.000,2026-08-30T10:42:30.025,True,True,False,,False,,,,,,,,0,False,none,,,,none,False,not_applicable,,not_applicable,routine,unknown,2026-08-30T10:42:30.025,False,,False,not_applicable,,,,,,,,,,,,Edge-case slow slump-to-floor; v1.0 confidence 0.42 below 0.5 threshold (1/12 — fall-spectrum tail).,55
exp_v2_improved,run_005,run_005-E009,P002,safe_induced_sway,protocol_defined,B,script,2026-08-30T10:43:30.000,2026-08-30T10:44:00.299,True,True,False,,False,,,,,,,,0,False,none,,,,none,False,not_applicable,,not_applicable,routine,unknown,2026-08-30T10:44:00.299,False,,False,not_applicable,,,,,,,,,,,,Sway correctly classified.,56
exp_v2_improved,run_005,run_005-E010,P002,simulated_fall,true,B,video_review,2026-08-30T10:45:00.000,2026-08-30T10:45:30.244,True,True,False,,True,run_005-T010,passive_b_posture_change_low,2026-08-30T10:45:00.477,True,,1,2026-08-30T10:45:01.026,0,True,B,2026-08-30T10:45:01.285,,2026-08-30T10:45:03.511,none,True,positive,user_confirmed_symptom_onset,new,soon,complete,2026-08-30T10:45:06.101,True,2026-08-30T10:45:08.171,False,not_applicable,,,,15.8,,,,,,,,Fall detected.,57
exp_v2_improved,run_005,run_005-E011,P002,normal_bending,false,B,observer_log,2026-08-30T10:46:30.000,2026-08-30T10:47:00.291,True,True,False,,False,,,,,,,,0,False,none,,,,none,False,not_applicable,,not_applicable,routine,unknown,2026-08-30T10:47:00.291,False,,False,not_applicable,,,,,,,,,,,,Bending correctly classified.,58
exp_v2_improved,run_005,run_005-E012,P002,simulated_fall,true,B,video_review,2026-08-30T10:48:00.000,2026-08-30T10:48:30.126,True,True,False,,True,run_005-T012,passive_b_posture_change_low,2026-08-30T10:48:01.248,True,,1,2026-08-30T10:48:01.848,0,True,B,2026-08-30T10:48:02.213,,2026-08-30T10:48:05.809,none,True,positive,user_confirmed_symptom_onset,new,soon,complete,2026-08-30T10:48:07.708,True,2026-08-30T10:48:09.489,False,not_applicable,,,,15.5,,,,,,,,Fall detected within budget.,59
exp_v2_improved,run_006,run_006-E001,P001,empty_room,false,none,sensor_reference,2026-09-01T14:00:30.000,2026-09-01T14:01:30.384,True,True,False,,False,,,,,,,,0,False,none,,,,none,False,not_applicable,,not_applicable,routine,unknown,2026-09-01T14:01:30.384,False,,False,not_applicable,,,,,,,,,,,,Quiet room baseline.,60
exp_v2_improved,run_006,run_006-E002,P001,target_normal_speech,false,S,observer_log,2026-09-01T14:02:00.000,2026-09-01T14:03:00.037,True,True,False,,False,,,,,,,,0,False,none,,,,none,False,not_applicable,,not_applicable,routine,unknown,2026-09-01T14:03:00.037,False,,False,not_applicable,,,,,,,,,,,,Enrolled user speaking normally; v0.8 stable embedding.,61
exp_v2_improved,run_006,run_006-E003,P001,background_tv_speech,false,S,script,2026-09-01T14:04:00.000,2026-09-01T14:06:00.004,True,True,False,,False,,,,,,,,0,False,none,,,,none,False,not_applicable,,not_applicable,routine,unknown,2026-09-01T14:06:00.004,False,,False,not_applicable,,,,,,,,,,,,TV audio correctly rejected (speaker gate).,62
exp_v2_improved,run_006,run_006-E004,P001,target_normal_speech,false,S,observer_log,2026-09-01T14:07:00.000,2026-09-01T14:08:00.234,True,True,False,,False,,,,,,,,0,False,none,,,,none,False,not_applicable,,not_applicable,routine,unknown,2026-09-01T14:08:00.234,False,,False,not_applicable,,,,,,,,,,,,Enrolled user speaking normally.,63
exp_v2_improved,run_006,run_006-E005,P001,bystander_speech,false,S,observer_log,2026-09-01T14:09:00.000,2026-09-01T14:10:00.318,True,True,False,,True,run_006-T005,passive_s_acoustic_domain_change,2026-09-01T14:09:00.525,True,,1,2026-09-01T14:09:01.105,0,True,S,2026-09-01T14:09:02.152,,2026-09-01T14:09:05.837,none,True,negative,user_reported_no_symptom_false_trigger,not_applicable,routine,complete,2026-09-01T14:09:08.973,True,2026-09-01T14:09:10.349,False,not_applicable,,False,,,10,,,,,,,Non-enrolled speaker with similar timbre; cosine-sim 0.78 above 0.75 gate (1/10 — boundary).,64
exp_v2_improved,run_006,run_006-E006,P001,target_normal_speech,false,S,observer_log,2026-09-01T14:11:00.000,2026-09-01T14:12:30.278,True,True,False,,False,,,,,,,,0,False,none,,,,none,False,not_applicable,,not_applicable,routine,unknown,2026-09-01T14:12:30.278,False,,False,not_applicable,,,,,,,,,,,,Enrolled user speaking normally.,65
exp_v2_improved,run_006,run_006-E007,P001,target_changed_speech,true,S,video_review,2026-09-01T14:13:30.000,2026-09-01T14:14:00.360,True,True,False,,True,run_006-T007,passive_s_acoustic_domain_change,2026-09-01T14:13:31.088,True,,1,2026-09-01T14:13:31.166,0,True,S,2026-09-01T14:13:31.874,,2026-09-01T14:13:35.909,none,True,positive,user_confirmed_symptom_onset,new,soon,complete,2026-09-01T14:13:38.016,True,2026-09-01T14:13:38.835,False,not_applicable,,True,pitch|jitter|shimmer|formant_f2,,10,,,,,,,Voice change detected within budget.,66
exp_v2_improved,run_006,run_006-E008,P001,background_tv_speech,false,S,script,2026-09-01T14:15:00.000,2026-09-01T14:17:00.054,True,True,False,,False,,,,,,,,0,False,none,,,,none,False,not_applicable,,not_applicable,routine,unknown,2026-09-01T14:17:00.054,False,,False,not_applicable,,,,,,,,,,,,TV audio correctly rejected.,67
exp_v2_improved,run_006,run_006-E009,P001,target_normal_speech,false,S,observer_log,2026-09-01T14:18:00.000,2026-09-01T14:19:00.380,True,True,False,,False,,,,,,,,0,False,none,,,,none,False,not_applicable,,not_applicable,routine,unknown,2026-09-01T14:19:00.380,False,,False,not_applicable,,,,,,,,,,,,Enrolled user speaking normally.,68
exp_v2_improved,run_006,run_006-E010,P001,target_changed_speech,true,S,video_review,2026-09-01T14:20:00.000,2026-09-01T14:20:30.283,True,True,False,,True,run_006-T010,passive_s_acoustic_domain_change,2026-09-01T14:20:00.437,True,,1,2026-09-01T14:20:00.720,0,True,S,2026-09-01T14:20:01.736,,2026-09-01T14:20:05.408,none,True,positive,user_confirmed_symptom_onset,new,soon,complete,2026-09-01T14:20:07.840,True,2026-09-01T14:20:09.703,False,not_applicable,,True,pitch|jitter|shimmer|formant_f2,,10,,,,,,,Voice change detected within budget.,69
exp_v2_improved,run_007,run_007-E001,P001,normal_sitting,false,B,observer_log,2026-09-04T15:30:30.000,2026-09-04T15:31:30.324,True,True,False,,False,,,,,,,,0,False,none,,,,none,False,not_applicable,,not_applicable,routine,unknown,2026-09-04T15:31:30.324,False,,False,not_applicable,,,,,,,,,,,,Baseline before stress scenarios.,70
exp_v2_improved,run_007,run_007-E002,P001,simulated_fall,true,B,video_review,2026-09-04T15:32:00.000,2026-09-04T15:32:30.216,True,True,False,,True,run_007-T002,passive_b_posture_change_low,2026-09-04T15:32:00.783,True,,1,2026-09-04T15:32:01.121,0,True,B,2026-09-04T15:32:01.652,,2026-09-04T15:32:06.758,none,True,positive,user_confirmed_symptom_onset,new,soon,complete,2026-09-04T15:32:08.994,True,2026-09-04T15:32:10.510,False,not_applicable,,,,15.5,,,,,,,,Fall detected; PC online; normal delivery.,71
exp_v2_improved,run_007,run_007-E003,P001,simulated_fall,true,B,video_review,2026-09-04T15:33:20.000,2026-09-04T15:44:20.353,True,False,True,670,True,run_007-T003,passive_b_posture_change_low,2026-09-04T15:33:21.278,True,,2,2026-09-04T15:44:30.000,0,True,B,2026-09-04T15:44:30.669,,2026-09-04T15:44:33.369,none,True,positive,user_confirmed_symptom_onset,new,soon,complete,2026-09-04T15:44:34.826,True,2026-09-04T15:44:37.490,False,not_applicable,,,,15.8,,,,,,,,"Fall detected; PC disconnect injected immediately; trigger persisted 670 s in queue, delivered after reconnect at offset 870s. | E03 pc_received_ts aligned to E04 reconnect boundary (15:44:30); queue persistence duration 668s.",72
exp_v2_improved,run_007,run_007-E004,P001,pc_reconnected,not_applicable,none,operator,2026-09-04T15:44:30.000,2026-09-04T15:45:30.183,True,True,False,,False,,,,,,,,0,False,none,,,,none,False,not_applicable,,not_applicable,routine,unknown,2026-09-04T15:45:30.183,False,,False,not_applicable,,,,,,,,,,,,Network restored; queued trigger from E03 delivered. Status record: earlier queued trigger delivered at 15:44:30; no new trigger generated.,73
exp_v2_improved,run_007,run_007-E005,P001,pi_restart,not_applicable,none,system_log,2026-09-04T15:46:00.000,2026-09-04T15:46:30.107,False,True,False,,False,,,,,True,,,0,False,none,,,,none,False,not_applicable,,not_applicable,routine,unknown,2026-09-04T15:46:30.107,False,,False,not_applicable,,,,,,,,,,,,Pi service restarted with unresolved queue entry; recovery verified. Pi service restarted; one queued trigger recovered from WAL and re-queued for transmission.,74
exp_v2_improved,run_007,run_007-E006,P001,simulated_fall,true,B,video_review,2026-09-04T15:47:00.000,2026-09-04T15:47:30.349,True,True,False,,True,run_007-T006,passive_b_posture_change_low,2026-09-04T15:47:01.045,True,,1,2026-09-04T15:47:02.005,0,True,B,2026-09-04T15:47:02.748,,2026-09-04T15:47:09.393,none,True,positive,user_confirmed_symptom_onset,new,soon,complete,2026-09-04T15:47:13.137,True,2026-09-04T15:47:14.700,False,not_applicable,,,,15.7,,,,,,,,Fall detected immediately after restart; pipeline healthy.,75
exp_v2_improved,run_007,run_007-E007,P001,user_no_response,not_applicable,none,operator,2026-09-04T15:48:20.000,2026-09-04T15:51:20.090,True,True,False,,True,run_007-T007,passive_b_posture_change_low,2026-09-04T15:48:21.111,True,,1,2026-09-04T15:48:21.612,0,True,B,2026-09-04T15:48:22.652,2026-09-04T15:48:52.652,,escalation,False,insufficient,user_no_response_within_120s,unknown,immediate,partial,2026-09-04T15:50:22.652,False,,False,not_configured,,,,15.5,,,,,,,,"Manual scheduled guided check; user absent; 30 s repeat prompt, 120 s external escalation.",76
exp_v2_improved,run_007,run_007-E008,P001,guided_B_E_F_A_S,not_applicable,B/E/F/A/S,operator,2026-09-04T15:51:40.000,2026-09-04T15:52:40.081,True,True,False,,True,run_007-T008,passive_b_posture_change_low,2026-09-04T15:51:41.286,True,,1,2026-09-04T15:51:41.794,0,True,B,2026-09-04T15:51:42.717,,2026-09-04T15:51:49.651,none,True,negative,user_reported_no_symptom,not_applicable,routine,complete,2026-09-04T15:51:52.075,True,2026-09-04T15:51:54.110,False,not_applicable,,,,15.9,,,,,,,,Operator-initiated guided check sub-component B (trunk orientation); completed.,77
exp_v2_improved,run_007,run_007-E009,P001,guided_B_E_F_A_S,not_applicable,B/E/F/A/S,operator,2026-09-04T15:52:40.000,2026-09-04T15:53:40.168,True,True,False,,True,run_007-T009,manual_guided_check,2026-09-04T15:52:41.046,True,,1,2026-09-04T15:52:41.747,0,True,E,2026-09-04T15:52:42.563,,2026-09-04T15:52:50.014,none,True,negative,user_reported_no_symptom,not_applicable,routine,complete,2026-09-04T15:52:51.704,True,2026-09-04T15:52:53.370,False,not_applicable,,,,,,,,,,,,Operator-initiated guided check sub-component E (binocular symmetry); completed.,78
exp_v2_improved,run_007,run_007-E010,P001,guided_B_E_F_A_S,not_applicable,B/E/F/A/S,operator,2026-09-04T15:53:40.000,2026-09-04T15:54:40.133,True,True,False,,True,run_007-T010,manual_guided_check,2026-09-04T15:53:40.499,True,,1,2026-09-04T15:53:41.137,0,True,F,2026-09-04T15:53:41.995,,2026-09-04T15:53:48.330,none,True,negative,user_reported_no_symptom,not_applicable,routine,complete,2026-09-04T15:53:51.066,True,2026-09-04T15:53:52.660,False,not_applicable,,,,,,,,,,,,Operator-initiated guided check sub-component F (mouth corner); completed.,79
exp_v2_improved,run_007,run_007-E011,P001,guided_B_E_F_A_S,not_applicable,B/E/F/A/S,operator,2026-09-04T15:54:40.000,2026-09-04T15:55:40.295,True,True,False,,True,run_007-T011,manual_guided_check,2026-09-04T15:54:41.213,True,,1,2026-09-04T15:54:41.854,0,True,A,2026-09-04T15:54:42.958,,2026-09-04T15:54:49.302,none,True,negative,user_reported_no_symptom,not_applicable,routine,complete,2026-09-04T15:54:51.137,True,2026-09-04T15:54:52.422,False,not_applicable,,,,,,,,,,,,Operator-initiated guided check sub-component A (shoulder level); completed.,80
exp_v2_improved,run_007,run_007-E012,P001,guided_B_E_F_A_S,not_applicable,B/E/F/A/S,operator,2026-09-04T15:55:40.000,2026-09-04T15:56:40.169,True,True,False,,True,run_007-T012,passive_s_acoustic_domain_change,2026-09-04T15:55:40.475,True,,1,2026-09-04T15:55:40.858,0,True,S,2026-09-04T15:55:41.660,,2026-09-04T15:55:45.996,none,True,negative,user_reported_no_symptom,not_applicable,routine,complete,2026-09-04T15:55:48.958,True,2026-09-04T15:55:50.078,False,not_applicable,,False,,,10,,,,,,,Operator-initiated guided check sub-component S (voice change); completed.,81
exp_v2_improved,run_008,run_008-E001,P001,empty_room,false,none,sensor_reference,2026-09-05T08:01:00.000,2026-09-05T08:31:00.340,True,True,False,,False,,,,,,,,0,False,none,,,,none,False,not_applicable,,not_applicable,routine,unknown,2026-09-05T08:31:00.340,False,,False,not_applicable,,,,,,,,,,,,08:00–08:30 unattended empty-room baseline.,82
exp_v2_improved,run_008,run_008-E002,P001,normal_sitting,false,B,observer_log,2026-09-05T08:31:00.000,2026-09-05T09:31:00.194,True,True,False,,False,,,,,,,,0,False,none,,,,none,False,not_applicable,,not_applicable,routine,unknown,2026-09-05T09:31:00.194,False,,False,not_applicable,,,,,,,,,,,,08:31–09:30 seated reading; long stable interval.,83
exp_v2_improved,run_008,run_008-E003,P001,normal_walking,false,B,observer_log,2026-09-05T09:31:00.000,2026-09-05T09:36:00.346,True,True,False,,False,,,,,,,,0,False,none,,,,none,False,not_applicable,,not_applicable,routine,unknown,2026-09-05T09:36:00.346,False,,False,not_applicable,,,,,,,,,,,,09:31–09:35 walking through room.,84
exp_v2_improved,run_008,run_008-E004,P001,normal_bending,false,B,observer_log,2026-09-05T09:36:00.000,2026-09-05T09:39:00.383,True,True,False,,False,,,,,,,,0,False,none,,,,none,False,not_applicable,,not_applicable,routine,unknown,2026-09-05T09:39:00.383,False,,False,not_applicable,,,,,,,,,,,,09:36–09:38 bending (picking up items).,85
exp_v2_improved,run_008,run_008-E005,P001,normal_sitting,false,B,observer_log,2026-09-05T09:39:00.000,2026-09-05T10:09:00.089,True,True,False,,False,,,,,,,,0,False,none,,,,none,False,not_applicable,,not_applicable,routine,unknown,2026-09-05T10:09:00.089,False,,False,not_applicable,,,,,,,,,,,,09:39–10:08 seated interval.,86
exp_v2_improved,run_008,run_008-E006,P001,simulated_fall,true,B,video_review,2026-09-05T10:09:00.000,2026-09-05T10:10:00.315,True,True,False,,True,run_008-T006,passive_b_posture_change_low,2026-09-05T10:09:01.187,True,,1,2026-09-05T10:09:01.505,0,True,B,2026-09-05T10:09:02.394,,2026-09-05T10:09:07.880,none,True,positive,user_confirmed_symptom_onset,new,soon,complete,2026-09-05T10:09:09.976,True,2026-09-05T10:09:11.358,False,not_applicable,,,,15.7,,,,,,,,10:09 scripted fall; detected within budget; user acknowledged.,87
exp_v2_improved,run_008,run_008-E007,P001,target_normal_speech,false,S,observer_log,2026-09-05T10:10:00.000,2026-09-05T10:15:00.261,True,True,False,,False,,,,,,,,0,False,none,,,,none,False,not_applicable,,not_applicable,routine,unknown,2026-09-05T10:15:00.261,False,,False,not_applicable,,,,,,,,,,,,10:10–10:15 enrolled user speaking on phone.,88
exp_v2_improved,run_008,run_008-E008,P001,quiet_standing,false,B,observer_log,2026-09-05T10:15:00.000,2026-09-05T10:25:00.242,True,True,False,,False,,,,,,,,0,False,none,,,,none,False,not_applicable,,not_applicable,routine,unknown,2026-09-05T10:25:00.242,False,,False,not_applicable,,,,,,,,,,,,10:15–10:25 standing at kitchen counter.,89
exp_v2_improved,run_008,run_008-E009,P001,normal_sitting,false,B,observer_log,2026-09-05T10:25:00.000,2026-09-05T11:55:00.376,True,True,False,,False,,,,,,,,0,False,none,,,,none,False,not_applicable,,not_applicable,routine,unknown,2026-09-05T11:55:00.376,False,,False,not_applicable,,,,,,,,,,,,10:25–11:55 long seated work session; stable.,90
exp_v2_improved,run_008,run_008-E010,P001,background_tv_speech,false,S,script,2026-09-05T11:55:00.000,2026-09-05T12:55:00.086,True,True,False,,False,,,,,,,,0,False,none,,,,none,False,not_applicable,,not_applicable,routine,unknown,2026-09-05T12:55:00.086,False,,False,not_applicable,,,,,,,,,,,,11:55–12:55 TV news in background; correctly rejected.,91
exp_v2_improved,run_008,run_008-E011,P001,normal_sitting,false,B,observer_log,2026-09-05T12:55:00.000,2026-09-05T13:25:00.337,True,True,False,,False,,,,,,,,0,False,none,,,,none,False,not_applicable,,not_applicable,routine,unknown,2026-09-05T13:25:00.337,False,,False,not_applicable,,,,,,,,,,,,12:55–13:25 seated lunch.,92
exp_v2_improved,run_008,run_008-E012,P001,simulated_fall,true,B,video_review,2026-09-05T13:25:00.000,2026-09-05T13:26:00.043,True,True,False,,True,run_008-T012,passive_b_posture_change_low,2026-09-05T13:25:00.891,True,,1,2026-09-05T13:25:01.777,0,True,B,2026-09-05T13:25:02.191,,2026-09-05T13:25:07.720,none,True,positive,user_confirmed_symptom_onset,new,soon,complete,2026-09-05T13:25:10.483,True,2026-09-05T13:25:11.270,False,not_applicable,,,,16,,,,,,,,13:25 scripted fall; detected; user acknowledged as test.,93
exp_v2_improved,run_008,run_008-E013,P001,normal_sitting,false,B,observer_log,2026-09-05T13:26:00.000,2026-09-05T14:26:00.393,True,True,False,,False,,,,,,,,0,False,none,,,,none,False,not_applicable,,not_applicable,routine,unknown,2026-09-05T14:26:00.393,False,,False,not_applicable,,,,,,,,,,,,13:26–14:25 seated interval.,94
exp_v2_improved,run_008,run_008-E014,P001,pi_restart,not_applicable,none,system_log,2026-09-05T14:26:00.000,2026-09-05T14:27:00.037,False,True,False,,False,,,,,True,,,0,False,none,,,,none,False,not_applicable,,not_applicable,routine,unknown,2026-09-05T14:27:00.037,False,,False,not_applicable,,,,,,,,,,,,14:26 watchdog-initiated Pi service restart (firmware self-test); queue recovered from WAL. Run-hour 6.43. Pi service restarted; one queued trigger recovered from WAL and re-queued for transmission.,95
exp_v2_improved,run_008,run_008-E015,P001,simulated_fall,true,B,video_review,2026-09-05T14:27:00.000,2026-09-05T14:28:00.233,True,True,False,,True,run_008-T015,passive_b_posture_change_low,2026-09-05T14:27:00.491,True,,1,2026-09-05T14:27:00.959,0,True,B,2026-09-05T14:27:01.328,,2026-09-05T14:27:04.599,none,True,positive,user_confirmed_symptom_onset,new,soon,complete,2026-09-05T14:27:06.378,True,2026-09-05T14:27:09.075,False,not_applicable,,,,15.7,,,,,,,,14:27 scripted fall immediately after restart; pipeline healthy.,96
exp_v2_improved,run_008,run_008-E016,P001,target_changed_speech,true,S,video_review,2026-09-05T14:28:00.000,2026-09-05T14:29:00.054,True,True,False,,True,run_008-T016,passive_s_acoustic_domain_change,2026-09-05T14:28:01.213,True,,1,2026-09-05T14:28:01.835,0,True,S,2026-09-05T14:28:02.521,,2026-09-05T14:28:06.485,none,True,positive,user_confirmed_symptom_onset,new,soon,complete,2026-09-05T14:28:07.864,True,2026-09-05T14:28:10.249,False,not_applicable,,True,pitch|jitter|shimmer|formant_f2,,10,,,,,,,14:28 scripted voice change (actor impersonation); detected.,97
exp_v2_improved,run_008,run_008-E017,P001,normal_sitting,false,B,observer_log,2026-09-05T14:29:00.000,2026-09-05T15:29:00.271,True,True,False,,False,,,,,,,,0,False,none,,,,none,False,not_applicable,,not_applicable,routine,unknown,2026-09-05T15:29:00.271,False,,False,not_applicable,,,,,,,,,,,,14:29–15:28 seated interval.,98
exp_v2_improved,run_008,run_008-E018,P001,bystander_speech,false,S,observer_log,2026-09-05T15:29:00.000,2026-09-05T15:31:00.286,True,True,False,,True,run_008-T018,passive_s_acoustic_domain_change,2026-09-05T15:29:01.253,True,,1,2026-09-05T15:29:02.143,0,True,S,2026-09-05T15:29:02.805,,2026-09-05T15:29:07.752,none,True,negative,user_reported_no_symptom_false_trigger,not_applicable,routine,complete,2026-09-05T15:29:10.766,True,2026-09-05T15:29:12.387,False,not_applicable,,False,,,10,,,,,,,15:29 visitor with similar timbre passed target-speaker gate (cosine 0.81); later self-corrected via guided check.,99
exp_v2_improved,run_008,run_008-E019,P001,normal_sitting,false,B,observer_log,2026-09-05T15:31:00.000,2026-09-05T16:00:00.000,True,True,False,,False,,,,,,,,0,False,none,,,,none,False,not_applicable,,not_applicable,routine,unknown,2026-09-05T16:00:00.000,False,,False,not_applicable,,,,,,,,,,,,15:30–15:59 seated interval to end of run.,100
